,EW,group
MG_940,106.5336639,training
MG_92,66.23641696,training
MG_513,78.73274379,training
MG_471,96.3035092,training
MG_338,91.77447763,training
MG_510,83.16028538,training
MG_481,108.2235074,training
MG_948,88.62092972,training
MG_1492,86.17099857,training
MG_450,109.250604,training
MG_351,72.00931932,training
MG_689,74.10555517,training
MG_482,91.05492227,training
MG_214,106.03254,training
MG_490,78.04028614,training
MG_827,103.9899597,training
MG_823,62.95125616,training
MG_431,85.24286571,training
MG_410,110.8970554,training
MG_1002,78.44797549,training
MG_1072,91.91254213,training
MG_1088,94.54092883,training
MG_1047,76.82222182,training
MG_1196,98.68028304,training
MG_1452,82.64931771,training
MG_861,88.42480072,training
MG_375,130.4428589,training
MG_852,117.4260867,training
MG_326,106.1654432,training
MG_485,100.2351215,training
MG_156,104.5693144,training
MG_1194,101.9783471,training
MG_82,72.09663887,training
MG_494,99.52286356,training
MG_127,84.81834965,training
MG_580,74.07125449,training
MG_928,108.4712493,training
MG_999,72.51254504,training
MG_647,98.77963787,training
MG_276,68.46609404,training
MG_1496,85.73060757,training
MG_1280,90.61318748,training
MG_892,85.50220824,training
MG_456,125.3654403,training
MG_158,85.13189798,training
MG_547,90.85576809,training
MG_555,74.90955733,training
MG_422,99.49576679,training
MG_613,96.80157365,training
MG_692,73.13060947,training
MG_195,91.34350995,training
MG_814,99.20931522,training
MG_1301,93.83899345,training
MG_192,100.5680247,training
MG_648,111.6506037,training
MG_363,100.4286699,training
MG_97,75.59899619,training
MG_1270,83.8880272,training
MG_971,41.25577555,training
MG_901,109.3331847,training
MG_1052,92.58221945,training
MG_1187,64.86375759,training
MG_593,89.73060697,training
MG_795,117.7938286,training
MG_512,99.16028297,training
MG_651,97.25060584,training
MG_951,84.79533813,training
MG_443,96.02738022,training
MG_348,106.4738303,training
MG_1189,97.73060577,training
MG_1154,85.74093015,training
MG_1134,59.31141647,training
MG_353,106.7886689,training
MG_553,98.69304558,training
MG_504,113.4815711,training
MG_263,69.56286807,training
MG_175,91.29705835,training
MG_1031,113.777055,training
MG_1165,83.45447888,training
MG_1289,100.8531859,training
MG_361,62.52932074,training
MG_661,104.8764111,training
MG_1344,88.58996199,training
MG_577,92.13318725,training
MG_1103,75.35641559,training
MG_1039,75.93189937,training
MG_1070,103.1422179,training
MG_965,102.9796372,training
MG_758,86.14867203,training
MG_1069,76.90376384,training
MG_230,88.70351035,training
MG_56,94.54609011,training
MG_368,78.02480228,training
MG_141,85.9396398,training
MG_941,95.50072301,training
MG_1083,96.8222188,training
MG_952,91.11899386,training
MG_1008,84.06986104,training
MG_572,72.29835153,training
MG_610,89.22738124,training
MG_570,93.68415477,training
MG_360,87.90092983,training
MG_130,114.9718935,training
MG_1440,119.0518929,training
MG_659,98.97705719,training
MG_1303,115.182216,training
MG_466,77.77964103,training
MG_576,95.41576741,training
MG_112,103.0333147,training
MG_461,100.2622183,training
MG_244,93.87512248,training
MG_658,83.991253,training
MG_1463,114.4609258,training
MG_274,113.3744744,training
MG_957,111.6041521,training
MG_257,95.93447701,training
MG_290,112.7499583,training
MG_304,102.9486695,training
MG_1437,104.4815725,training
MG_236,69.24286812,training
MG_169,103.0570566,training
MG_625,94.23512242,training
MG_967,80.46480192,training
MG_356,75.78996391,training
MG_532,113.384797,training
MG_637,97.07254135,training
MG_224,101.8106052,training
MG_535,50.58845315,training
MG_1428,91.1282047,training
MG_1099,84.88673673,training
MG_742,110.6957651,training
MG_94,93.71770315,training
MG_226,102.7241534,training
MG_703,86.63641389,training
MG_335,97.38245942,training
MG_632,90.70996166,training
MG_1453,93.58609026,training
MG_51,111.7667327,training
MG_296,97.96802508,training
MG_679,93.16286452,training
MG_1009,102.0961417,training
MG_1427,85.71125274,training
MG_1132,90.32931656,training
MG_1226,92.37318722,training
MG_1043,66.89190073,training
MG_622,77.91125391,training
MG_1416,103.9035081,training
MG_59,63.47749829,training
MG_783,95.00504509,training
MG_118,116.0673772,training
MG_1175,80.38867289,training
MG_523,92.37318722,training
MG_898,81.5189953,training
MG_300,91.0002842,training
MG_609,88.30092977,training
MG_1399,106.0712497,training
MG_318,97.77705737,training
MG_1422,91.01834871,training
MG_782,73.89577064,training
MG_685,94.90738039,training
MG_506,82.10307283,training
MG_414,81.2480276,training
MG_673,125.2051823,training
MG_1449,89.95770371,training
MG_826,95.06738036,training
MG_1312,109.722862,training
MG_1126,105.2815724,training
MG_656,75.65318973,training
MG_119,105.4106046,training
MG_1213,53.86556066,training
MG_309,72.21319025,training
MG_193,94.73447719,training
MG_649,72.96157724,training
MG_1029,99.41060551,training
MG_1206,114.6312484,training
MG_1200,70.96480624,training
MG_476,101.1277665,training
MG_121,103.9809274,training
MG_1111,60.45061138,training
MG_716,78.81671324,training
MG_1095,131.8931813,training
MG_1109,95.4325416,training
MG_592,116.3215707,training
MG_1241,85.69963984,training
MG_1230,94.03383213,training
MG_1232,142.2467281,training
MG_1295,88.9770587,training
MG_256,88.32673622,training
MG_212,90.73576811,training
MG_796,93.0235097,training
MG_1326,75.83641551,training
MG_205,108.4093138,training
MG_1016,72.81706113,training
MG_565,81.03512441,training
MG_895,92.71383233,training
MG_480,111.2789908,training
MG_976,87.92157499,training
MG_88,83.30738213,training
MG_621,111.3447973,training
MG_1471,94.04028375,training
MG_854,76.1873832,training
MG_439,93.23254193,training
MG_552,91.16544546,training
MG_578,87.32931701,training
MG_561,98.27770246,training
MG_1129,77.82093134,training
MG_464,98.91899269,training
MG_508,131.5009233,training
MG_497,103.1925404,training
MG_358,85.45834955,training
MG_903,87.86738144,training
MG_1248,116.1873772,training
MG_292,79.21439433,training
MG_1267,129.7036749,training
MG_920,102.6441534,training
MG_725,87.57834923,training
MG_1178,65.000429,training
MG_380,67.76931995,training
MG_1075,86.00544624,training
MG_987,65.68932027,training
MG_1034,119.6351186,training
MG_1145-1-1,98.87899269,training
MG_958,104.9770563,training
MG_1161,91.78283677,training
MG_387,74.6080286,training
MG_364,99.1601689,training
MG_273,78.9022215,training
MG_1341,70.92286787,training
MG_281,102.2170567,training
MG_330,81.54996304,training
MG_1419,50.35512902,training
MG_1170,76.91162876,training
MG_1065,89.37189735,training
MG_933,70.02996477,training
MG_325,91.54480025,training
MG_479,74.50738346,training
MG_370,69.01965341,training
MG_518,95.17060616,training
MG_1340,116.6776997,training
MG_1135,80.43627391,training
MG_287,74.37330321,training
MG_1137,95.42350934,training
MG_1054,69.2248036,training
MG_1038,84.16802716,training
MG_944,83.64544659,training
MG_198,68.37319083,training
MG_757,84.72634947,training
MG_1013,82.77318866,training
MG_734,78.20028613,training
MG_1497,96.63497852,training
MG_1450,72.20645177,training
MG_314,96.23125116,training
MG_1286,94.69576751,training
MG_459,91.28931641,training
MG_812,96.84028332,training
MG_1090,91.05447774,training
MG_853,122.382215,training
MG_349,73.39125459,training
MG_784,149.6944689,training
MG_383,106.4944754,training
MG_544,125.916408,training
MG_1188,113.0712486,training
MG_749,79.08802793,training
MG_1208,94.23641274,training
MG_731,77.3616547,training
MG_1133,83.85964011,training
MG_350,93.92931602,training
MG_811,100.0996377,training
MG_697,86.47383327,training
MG_105,90.98480033,training
MG_275,58.45340136,training
MG_1435,84.5523037,training
MG_298,122.4118924,training
MG_881,81.71512431,training
MG_1001,110.783507,training
MG_235,85.62222049,training
MG_550,73.03383529,training
MG_1313,84.21318845,training
MG_543,121.1499571,training
MG_1329,83.10609184,training
MG_125,122.1486666,training
MG_373,105.5344756,training
MG_154,130.2880202,training
MG_1296,80.64931801,training
MG_1434,123.6041503,training
MG_286,91.70221958,training
MG_1104,106.1383464,training
MG_831,53.51383586,training
MG_805,88.65189746,training
MG_1490,107.7022172,training
MG_153,96.83641235,training
MG_878,92.05963888,training
MG_1238,82.12787665,training
MG_1183,70.30609376,training
MG_926,99.43770229,training
MG_1113,85.06480122,training
MG_418,85.34093021,training
MG_671,74.17964157,training
MG_1510,77.79162869,training
MG_914,95.51641255,training
MG_882,103.1189921,training
MG_904,131.3770523,training
MG_1142,94.45189658,training
MG_89,92.86609037,training
MG_400,99.91899253,training
MG_122,99.88286351,training
MG_184,107.8993784,training
MG_772,90.15125207,training
MG_301,85.34351086,training
MG_483,95.62479963,training
MG_1037,78.608028,training
MG_1276,103.7331855,training
MG_87,97.15770263,training
MG_113,88.90480064,training
MG_666,106.308669,training
MG_707,91.75899376,training
MG_1236,112.9667325,training
MG_460,92.85318715,training
MG_722,68.03322267,training
MG_824,61.04157903,training
MG_251,95.85060605,training
MG_164,94.39125143,training
MG_132,84.64544645,training
MG_587,87.43345344,training
MG_196,86.34222038,training
MG_74,98.84544431,training
MG_745,89.81772675,training
MG_639,82.88931768,training
MG_428,106.0893142,training
MG_110,91.2944777,training
MG_1305,104.775766,training
MG_984,91.27641319,training
MG_102,100.765444,training
MG_763,71.2531904,training
MG_1062,92.10480016,training
MG_1401,96.24576103,training
MG_336,102.7815423,training
MG_619,80.90996314,training
MG_1168,59.60454619,training
MG_162,89.3228651,training
MG_95,99.45447647,training
MG_631,97.37060582,training
MG_449,79.61189882,training
MG_221,87.90867177,training
MG_1412,113.8183453,training
MG_664,76.29318964,training
MG_108,81.06996311,training
MG_1323,65.56544932,training
MG_1081,96.130606,training
MG_174,60.43512751,training
MG_249,63.64238376,training
MG_681,76.29060899,training
MG_629,88.2854459,training
MG_788,98.45060566,training
MG_1278,88.39899426,training
MG_1114,77.14222177,training
MG_829,62.53398701,training
MG_390,70.5615776,training
MG_994,96.09447698,training
MG_1035,94.23641274,training
MG_727,94.21576759,training
MG_1110,74.89189953,training
MG_396,86.03254301,training
MG_1048,75.58867361,training
MG_900,78.79899571,training
MG_762,111.6041521,training
MG_1467,72.56028697,training
MG_240,92.95383229,training
MG_615,112.7809261,training
MG_93,62.13577241,training
MG_1433,80.77660722,training
MG_1244,81.62738238,training
MG_138,104.9654434,training
MG_527,121.2273764,training
MG_163,97.34350905,training
MG_312,108.8170557,training
MG_1339,109.4983459,training
MG_750,113.500926,training
MG_633,67.51125547,training
MG_152,108.2983461,training
MG_581,93.26609031,training
MG_433,94.02479988,training
MG_77,114.2751194,training
MG_981,66.76567098,training
MG_190,92.71383233,training
MG_712,69.89249744,training
MG_308,97.03899296,training
MG_1139,118.9589897,training
MG_502,97.37060582,training
MG_426,100.889315,training
MG_623,89.26867156,training
MG_62,95.58350931,training
MG_1153,105.171895,training
MG_340,98.06608959,training
MG_634,107.6041527,training
MG_1501,71.75841285,training
MG_694,121.2970538,training
MG_1287,86.9538332,training
MG_1179,66.72802979,training
MG_856,86.79899451,training
MG_255,96.12286407,training
MG_299,82.43254355,training
MG_133,88.47125232,training
MG_323,88.62996198,training
MG_258,82.82429395,training
MG_591,92.40415496,training
MG_803,105.1628627,training
MG_1019,82.82711317,training
MG_237,89.83383276,training
MG_201,86.76802677,training
MG_111,91.42480026,training
MG_1012,101.2506052,training
MG_1443,108.7396364,training
MG_691,90.72157456,training
MG_1405,61.90216027,training
MG_499,84.51899485,training
MG_185,108.4764106,training
MG_1424,120.5073765,training
MG_636,87.39125248,training
MG_607,91.43808504,training
MG_316,104.1564113,training
MG_597,105.0777014,training
MG_343,104.6364112,training
MG_766,67.77964253,training
MG_935,74.81448018,training
MG_720,107.4609269,training
MG_646,94.6660901,training
MG_452,79.64931817,training
MG_54,91.44047575,training
MG_289,85.80286563,training
MG_820,68.0893199,training
MG_828,69.25339943,training
MG_246,82.38609195,training
MG_165,105.8673787,training
MG_798,74.91289714,training
MG_1032,113.0751196,training
MG_1460,86.15899461,training
MG_517,72.66222244,training
MG_669,101.5174204,training
MG_1025,77.13706048,training
MG_1482,102.7507737,training
MG_618,89.65060698,training
MG_1004,107.7331849,training
MG_76,121.4441506,training
MG_355,68.69305092,training
MG_1087,57.27125702,training
MG_1021,105.9060884,training
MG_161,103.010605,training
MG_792,76.65706055,training
MG_1397,112.1615713,training
MG_718,83.96544655,training
MG_640,98.46608953,training
MG_1309,97.63254127,training
MG_564,93.44931609,training
MG_602,71.09091478,training
MG_902,142.3164055,training
MG_1432,67.72286835,training
MG_737,111.9086682,training
MG_393,123.010602,training
MG_1310,95.96544474,training
MG_608,102.8533935,training
MG_511,96.39899306,training
MG_1469,77.75254426,training
MG_1171,72.79770629,training
MG_264,113.3693131,training
MG_1082,92.04802598,training
MG_528,92.29576788,training
MG_1007,81.94093072,training
MG_894,90.34480043,training
MG_1332,112.0067327,training
MG_1468,100.0686699,training
MG_1084,93.92157408,training
MG_1275,95.02092876,training
MG_1398,82.96673702,training
MG_178,91.35125189,training
MG_168,107.601572,training
MG_1458,115.426087,training
MG_837,72.14351284,training
MG_1283,85.25447861,training
MG_729,85.63770436,training
MG_771,90.12802627,training
MG_726,82.97189831,training
MG_521,86.399918,training
MG_983,66.9073846,training
MG_872,113.6080227,training
MG_925,90.06609079,training
MG_215,89.96544565,training
MG_134,105.8286691,training
MG_955,75.7435123,training
MG_188,108.6002816,training
MG_1439,80.61576963,training
MG_216,120.6480217,training
MG_1042,77.16802822,training
MG_1330,87.75641372,training
MG_1475,114.8557645,training
MG_905,77.86222166,training
MG_686,78.72802798,training
MG_858,81.31770501,training
MG_1331,100.5177021,training
MG_1026,87.64695964,training
MG_1473,89.00286514,training
MG_1506,77.18351208,training
MG_990,76.28157674,training
MG_52,106.7422173,training
MG_862,103.7460887,training
MG_706,108.706088,training
MG_1319,76.15383482,training
MG_247,82.28286616,training
MG_670,105.4028627,training
MG_491,137.3158873,training
MG_104,89.0751232,training
MG_253,91.36157447,training
MG_560,91.08028419,training
MG_932,63.18609484,training
MG_714,76.62609281,training
MG_1410,86.82405902,training
MG_454,97.11512199,training
MG_1067,59.81061147,training
MG_1487,77.15254435,training
MG_135,102.4531857,training
MG_1291,80.76028574,training
MG_804,95.09318681,training
MG_1406,104.8996369,training
MG_1136,107.5318946,training
MG_680,80.0660923,training
MG_429,97.46738,training
MG_496,100.8118956,training
MG_598,97.15383166,training
MG_293,97.79254124,training
MG_919,113.7202808,training
MG_911,84.2338336,training
MG_594,66.62351367,training
MG_1253,105.0222176,training
MG_420,66.28802985,training
MG_1423,78.32361998,training
MG_1086,107.8957655,training
MG_1481,92.16157435,training
MG_785,94.92028361,training
MG_440,94.26221919,training
MG_1030,71.82609354,training
MG_1064,116.1663682,training
MG_378,94.70192022,training
MG_339,83.85189818,training
MG_539,71.33060974,training
MG_1400,114.4996355,training
MG_667,116.0841514,training
MG_1493,114.5925387,training
MG_754,107.1964108,training
MG_1256,95.26867065,training
MG_114,91.67641313,training
MG_975,80.93835023,training
MG_1053,110.9538296,training
MG_704,95.18996099,training
MG_1079,92.61060653,training
MG_1216,100.4340892,training
MG_964,126.0815692,training
MG_641,107.841572,training
MG_1080,90.34092946,training
MG_604,117.5964092,training
MG_700,67.4944201,training
MG_843,67.12347059,training
MG_269,95.91899313,training
MG_1277,93.15254195,training
MG_695,90.46709285,training
MG_586,63.42867544,training
MG_538,119.3151186,training
MG_842,79.20415694,training
MG_404,86.05189785,training
MG_1105,95.37705773,training
MG_730,103.5370565,training
MG_417,85.95383335,training
MG_1003,84.75512385,training
MG_1225,99.80028288,training
MG_985,85.1731883,training
MG_457,78.48415705,training
MG_159,89.38480057,training
MG_346,86.42222037,training
MG_1197,105.0751208,training
MG_1215,80.26480194,training
MG_767,70.29319054,training
MG_220,110.7060877,training
MG_1233,114.9388442,training
MG_1491,75.06222208,training
MG_687,114.8836354,training
MG_627,98.08286378,training
MG_170,106.7267334,training
MG_654,86.93834933,training
MG_278,81.49447918,training
MG_1100,116.4712481,training
MG_921,117.6212343,training
MG_1262,84.00931751,training
MG_282,77.58609267,training
MG_1228,103.598992,training
MG_947,92.35237916,training
MG_849,77.53447977,training
MG_239,114.4067323,training
MG_873,95.07566953,training
MG_917,92.12544532,training
MG_683,114.4893129,training
MG_283,75.10867369,training
MG_503,112.3628616,training
MG_1245,83.1427432,training
MG_1224,69.20415845,training
MG_1259,134.5822131,training
MG_978,124.2351179,training
MG_1166,96.77060591,training
MG_1308,105.5293143,training
MG_628,83.56286596,training
MG_1279,72.75125469,training
MG_774,93.44157416,training
MG_645,99.000283,training
MG_241,78.49189898,training
MG_1448,85.85963981,training
MG_231,118.9589897,training
MG_825,62.70221229,training
MG_630,117.5912479,training
MG_701,89.41576831,training
MG_182,88.08931689,training
MG_542,108.5228622,training
MG_533,93.93189666,training
MG_1124,111.2660876,training
MG_887,111.3254424,training
MG_1167,81.79223307,training
MG_529,94.62221914,training
MG_455,111.139636,training
MG_1255,102.7241534,training
MG_321,96.05447699,training
MG_362,98.7989927,training
MG_1411,83.56673693,training
MG_616,56.85034821,training
MG_250,79.8415762,training
MG_759,78.3254474,training
MG_64,68.72931981,training
MG_1093,110.1331845,training
MG_303,95.70221898,training
MG_1127,90.74221973,training
MG_372,80.0377052,training
MG_1322,80.07899552,training
MG_369,89.47770378,training
MG_254,86.91512352,training
MG_1334,112.5667326,training
MG_915,104.8067337,training
MG_997,107.253185,training
MG_888,124.9047952,training
MG_385,99.71254095,training
MG_939,96.63641238,training
MG_1464,71.09844439,training
MG_765,83.09060797,training
MG_438,98.86092818,training
MG_1302,90.07770369,training
MG_1098,70.52053469,training
MG_879,64.92803006,training
MG_1480,124.2544727,training
MG_655,100.6673795,training
MG_1044,85.34480118,training
MG_708,120.1114056,training
MG_880,109.2970556,training
MG_1299,95.35383193,training
MG_677,83.57447886,training
MG_233,109.8235072,training
MG_139,101.9267342,training
MG_1101,70.65574662,training
MG_934,97.55512192,training
MG_444,100.409315,training
MG_855,102.9435082,training
MG_573,111.5267327,training
MG_1159,90.43254235,training
MG_1143,86.4067365,training
MG_556,95.98092861,training
MG_229,81.63512432,training
MG_982,108.5267332,training
MG_1421,89.17576834,training
MG_1204,90.60286491,training
MG_1118,97.17705746,training
MG_381,83.72544658,training
MG_99,89.52415539,training
MG_307,98.46398582,training
MG_761,93.54996124,training
MG_599,102.5254438,training
MG_1317,107.3215721,training
MG_1186,76.08633273,training
MG_432,101.1551214,training
MG_317,95.33928414,training
MG_883,70.15254048,training
MG_475,75.61964135,training
MG_225,82.82180632,training
MG_243,104.1654435,training
MG_109,84.15125297,training
MG_498,101.0235085,training
MG_1294,83.05705959,training
MG_741,86.82609128,training
MG_1192,89.11899416,training
MG_970,69.75125514,training
MG_366,90.08157466,training
MG_49,68.28802955,training
MG_176,61.67254668,training
MG_1395,78.83512474,training
MG_1227,93.25576773,training
MG_739,149.0364045,training
MG_181,87.19125252,training
MG_1408,102.9177018,training
MG_674,65.73319123,training
MG_1219,94.43254175,training
MG_988,100.8183472,training
MG_1494,92.52200215,training
MG_1184,48.32659017,training
MG_585,76.07383483,training
MG_492,80.56673738,training
MG_675,110.1177007,training
MG_322,84.67770451,training
MG_1472,71.49319036,training
MG_536,69.77706158,training
MG_1300,132.8015682,training
MG_337,98.05576701,training
MG_1247,97.58092837,training
MG_877,88.68802648,training
MG_992,109.142217,training
MG_157,84.0377046,training
MG_922,108.0893139,training
MG_458,120.2273766,training
MG_90,109.1577008,training
MG_259,59.16545028,training
MG_768,69.69255046,training
MG_660,94.88157394,training
MG_453,84.31254327,training
MG_386,97.66867029,training
MG_1190,81.30996308,training
MG_1425,70.46681003,training
MG_291,112.740668,training
MG_1342,106.3656639,training
MG_173,78.02738293,training
MG_769,86.81318806,training
MG_171,64.64157849,training
MG_470,105.916411,training
MG_534,118.7267316,training
MG_1254,123.9229127,training
MG_620,109.7654427,training
MG_1504,78.42996351,training
MG_1420,81.54996304,training
MG_1264,70.49448083,training
MG_1214,82.86704204,training
MG_650,103.3202823,training
MG_924,72.15383542,training
MG_1033,88.62092972,training
MG_63,105.008024,training
MG_401,103.0260888,training
MG_1014,113.9602807,training
MG_166,87.67383309,training
MG_123,100.2080247,training
MG_128,109.250604,training
MG_857,76.13577031,training
MG_530,92.14609047,training
MG_1078,97.12286392,training
MG_1195,107.7796365,training
MG_791,80.57062502,training
MG_1027,75.06222208,training
MG_786,91.95899373,training
MG_1438,73.62459125,training
MG_1050,107.8389913,training
MG_60,94.23125146,training
MG_1209,94.07625251,training
MG_202,101.3383472,training
MG_663,81.94222105,training
MG_1456,73.35899653,training
MG_819,80.97243805,training
MG_204,106.5925399,training
MG_777,85.35383343,training
MG_1260,88.037704,training
MG_1451,94.70867074,training
MG_764,83.70996272,training
MG_84,62.42738527,training
MG_435,81.95254363,training
MG_1217,110.8854425,training
MG_486,78.23641515,training
MG_996,108.9564105,training
MG_1116,76.05318967,training
MG_1288,50.23262478,training
MG_1229,100.5822182,training
MG_1028,113.4467324,training
MG_509,67.59376231,training
MG_91,110.1796362,training
MG_870,85.7451521,training
MG_859,77.91125391,training
MG_1059,98.74867013,training
MG_668,69.64495715,training
MG_1243,77.09577016,training
MG_968,42.53770295,training
MG_1212,122.766731,training
MG_696,113.9267324,training
MG_143,83.81060786,training
MG_1207,110.5202813,training
MG_693,114.1281052,training
MG_306,110.7370554,training
MG_1499,64.10480437,training
MG_551,100.9822182,training
MG_979,72.33513564,training
MG_574,115.9125385,training
MG_1415,74.10222223,training
MG_755,93.7667354,training
MG_129,83.06713743,training
MG_525,90.9486713,training
MG_595,97.99512185,training
MG_684,103.4712501,training
MG_295,102.6699599,training
MG_1484,107.5989914,training
MG_557,89.91512307,training
MG_531,104.9254434,training
MG_1271,90.94351002,training
MG_1281,78.1241571,training
MG_954,76.18867352,training
MG_328,94.81963846,training
MG_203,103.1551211,training
MG_189,61.51442625,training
MG_441,103.7357661,training
MG_277,106.1228626,training
MG_1106,106.7499592,training
MG_217,120.2699572,training
MG_334,81.02351151,training
MG_642,91.48544542,training
MG_357,80.99162265,training
MG_57,97.78737995,training
MG_927,100.8002827,training
MG_884,79.97835037,training
MG_399,98.12544442,training
MG_149,78.76286669,training
MG_1180,78.67899573,training
MG_186,98.71125078,training
MG_86,114.4222162,training
MG_760,92.94609036,training
MG_891,123.8441502,training
MG_1252,90.66212562,training
MG_1060,86.12286558,training
MG_678,95.9112512,training
MG_1198,84.227382,training
MG_436,98.27254117,training
MG_465,71.84931934,training
MG_800,109.138346,training
MG_866,78.08236223,training
MG_848,72.90996434,training
MG_781,85.19899475,training
MG_614,111.0777005,training
MG_451,64.93889638,training
MG_1055,99.03641202,training
MG_1284,96.75512204,training
MG_1321,94.20028372,training
MG_1115,76.06375559,training
MG_462,104.891895,training
MG_228,101.8957664,training
MG_50,102.8596373,training
MG_1477,107.4594562,training
MG_821,51.58867723,training
MG_863,85.6918979,training
MG_1455,126.7318917,training
MG_416,87.59254278,training
MG_809,96.40286403,training
MG_1274,110.3035071,training
MG_1089,107.4506043,training
MG_776,64.95125586,training
MG_1107,108.4918945,training
MG_305,92.58996138,training
MG_262,65.38480418,training
MG_160,93.21318709,training
MG_1500,89.91125211,training
MG_1071,70.4867389,training
MG_402,78.23670762,training
MG_177,85.65318823,training
MG_626,80.74867284,training
MG_960,95.47512224,training
MG_1436,86.41953278,training
MG_1193,110.59512,training
MG_1018,96.98588928,training
MG_797,69.29835198,training
MG_746,99.58221839,training
MG_1246,76.10530661,training
MG_738,100.8222182,training
MG_969,73.40139487,training
MG_1328,62.79963582,training
MG_1210,91.43641317,training
MG_1061,98.64415402,training
MG_1000,171.6196269,training
MG_1063,74.33964154,training
MG_643,96.05318667,training
MG_117,104.2957661,training
MG_938,96.44673499,training
MG_415,114.7215709,training
MG_477,95.28415452,training
MG_1263,76.48931865,training
MG_936,74.89706081,training
MG_710,119.7022154,training
MG_1121,76.26996383,training
MG_1108,97.64564624,training
MG_1297,112.0686681,training
MG_194,104.063508,training
MG_752,111.8751198,training
MG_1074,77.93577004,training
MG_421,80.14996325,training
MG_835,73.70738358,training
MG_137,104.8996369,training
MG_66,82.21576939,training
MG_347,86.10738171,training
MG_1023,83.17576925,training
MG_407,97.95254122,training
MG_1152,94.95899328,training
MG_197,84.4351239,training
MG_294,102.298347,training
MG_1337,79.28931822,training
MG_871,108.2441526,training
MG_151,74.71383504,training
MG_265,90.28286495,training
MG_1327,70.92802915,training
MG_711,87.96789992,training
MG_571,98.4815734,training
MG_834,96.24802535,training
MG_376,84.97189801,training
MG_1024,100.0686699,training
MG_929,100.8738311,training
MG_1040,106.2106045,training
MG_807,72.80157726,training
MG_559,99.08802492,training
MG_331,98.72157336,training
MG_579,89.15254254,training
MG_120,97.46738,training
MG_211,76.58738314,training
MG_1006,104.9151208,training
MG_75,105.3418472,training
MG_96,124.6906693,training
MG_942,82.47899516,training
MG_778,101.4931858,training
MG_406,91.04157452,training
MG_468,72.50222247,training
MG_850,72.66996438,training
MG_124,96.00802538,training
MG_793,114.5202807,training
MG_405,85.4209302,training
MG_68,110.0867329,training
MG_207,80.49705997,training
MG_1413,104.0170564,training
MG_896,109.5189911,training
MG_1470,105.6335024,training
MG_448,96.75512204,training
MG_478,82.37576937,training
MG_442,75.61189942,training
MG_770,111.0054425,training
MG_1010,90.78609068,training
MG_802,80.07125359,training
MG_1140,87.13963962,training
MG_698,116.3989901,training
MG_993,87.61207936,training
MG_724,83.45946051,training
MG_1036,87.41318797,training
MG_1199,92.31899368,training
MG_1156,69.36415842,training
MG_1444,102.8712502,training
MG_1315,106.0609271,training
MG_522,116.3112481,training
MG_644,75.25835108,training
MG_1046,112.2531842,training
MG_1220,81.85705977,training
MG_1022,77.25060885,training
MG_144,96.22867051,training
MG_906,105.8557658,training
MG_743,98.09060571,training
MG_1150,89.87753982,training
MG_1234,89.11899416,training
MG_974,73.96179554,training
MG_1242,111.850243,training
MG_1265,104.1254435,training
MG_962,88.70351035,training
MG_1185,70.33964215,training
MG_1057,83.85060785,training
MG_810,101.8131858,training
MG_813,88.00673626,training
MG_1318,61.45540286,training
MG_1096,108.3886687,training
MG_1320,105.5267336,training
MG_563,87.08802672,training
MG_354,82.57189837,training
MG_584,86.16415589,training
MG_403,85.80028498,training
MG_909,112.552539,training
MG_1459,80.07899552,training
MG_424,73.89060935,training
MG_817,76.95125405,training
MG_232,101.6325407,training
MG_79,91.16544546,training
MG_419,119.4699573,training
MG_558,98.85576689,training
MG_1478,103.7035081,training
MG_1445,84.36286584,training
MG_1130,102.7473792,training
MG_540,101.0131859,training
MG_1298,99.64157323,training
MG_1293,64.83899781,training
MG_191,85.49060761,training
MG_1203,102.4670907,training
MG_434,88.0725427,training
MG_541,98.46867018,training
MG_206,79.05492441,training
MG_1273,85.73834951,training
MG_554,78.94093117,training
MG_1151,92.0684803,training
MG_1005,64.16157856,training
MG_1268,79.66093107,training
MG_1447,69.53361902,training
MG_430,94.4583482,training
MG_1404,89.90351017,training
MG_897,75.09835111,training
MG_423,103.2273791,training
MG_682,82.58351127,training
MG_80,79.09964083,training
MG_1505,73.11383528,training
MG_717,75.28673818,training
MG_918,101.7564116,training
MG_1015,86.73705903,training
MG_836,92.31125174,training
MG_851,86.67512356,training
MG_515,80.30831603,training
MG_1240,78.77543971,training
MG_1091,106.7422173,training
MG_1250,93.59641284,training
MG_1147,84.94867221,training
MG_688,140.2699542,training
MG_1257,80.01060843,training
MG_324,94.74221912,training
MG_705,125.0699565,training
MG_787,86.09189784,training
MG_1177,97.76544447,training
MG_838,94.25834823,training
MG_1174,72.48157731,training
MG_516,98.19512183,training
MG_1249,98.78350884,training
MG_227,94.53060625,training
MG_568,73.90093193,training
MG_279,98.74737981,training
MG_179,93.54996124,training
MG_1017,78.20544741,training
MG_1431,80.58996318,training
MG_1163,76.10738321,training
MG_1221,68.54009281,training
MG_213,114.4996355,training
MG_916,98.93834752,training
MG_1182,81.10867278,training
MG_131,94.04544503,training
MG_148,86.11770429,training
MG_1343,117.5151189,training
MG_830,95.82608993,training
MG_150,82.43254355,training
MG_1266,109.1538299,training
MG_815,93.19899355,training
MG_1498,85.73060757,training
MG_473,83.83383366,training
MG_342,102.4635083,training
MG_1466,72.86867402,training
MG_1141,68.02738443,training
MG_280,80.92028572,training
MG_238,82.74222093,training
MG_83,85.69963984,training
MG_332,74.3886738,training
MG_98,95.71770284,training
MG_657,117.7306028,training
MG_548,93.88970662,training
MG_208,68.30609407,training
MG_1058,99.85318609,training
MG_1409,88.03254272,training
MG_733,87.1964138,training
MG_398,71.12157751,training
MG_1223,96.04802538,training
MG_638,90.82480035,training
MG_1049,108.4531848,training
MG_1261,75.35641559,training
MG_864,107.997701,training
MG_899,77.85189909,training
MG_779,86.9886719,training
MG_115,82.47899516,training
MG_467,85.51641406,training
MG_408,76.54867347,training
MG_1020,58.54609553,training
MG_136,91.78480021,training
MG_546,101.7293148,training
MG_989,82.49447903,training
MG_107,86.44028488,training
MG_874,75.37189945,training
MG_1345,127.6609238,training
MG_582,89.53274187,training
MG_959,95.89299392,training
MG_839,87.97576853,training
MG_612,93.9396386,training
MG_1045,81.82520512,training
MG_910,101.9112503,training
MG_147,77.05447985,training
MG_603,100.3680247,training
MG_268,57.04237268,training
MG_751,101.7858884,training
MG_775,68.8789972,training
MG_199,105.9370561,training
MG_333,101.94996,training
MG_635,95.84673508,training
MG_447,73.46738361,training
MG_950,95.17576744,training
MG_469,79.94185171,training
MG_735,73.10598445,training
MG_514,75.54609298,training
MG_395,88.7009297,training
MG_721,70.06480348,training
MG_388,90.03512305,training
MG_1162,71.82688501,training
MG_991,95.30479968,training
MG_1056,99.5189926,training
MG_397,59.29309586,training
MG_145,68.10738442,training
MG_1131,118.1073769,training
MG_1316,97.06479942,training
MG_310,92.46609043,training
MG_379,104.9383466,training
MG_248,80.18923208,training
MG_566,61.1035145,training
MG_972,76.15559285,training
MG_1292,88.37834911,training
MG_806,103.0415727,training
MG_352,73.13448044,training
MG_320,75.62738329,training
MG_155,91.67641313,training
MG_732,98.59770241,training
MG_562,73.68415777,training
MG_931,88.70092971,training
MG_963,75.63512522,training
MG_1164,65.37190096,training
MG_209,79.64028591,training
MG_816,88.83512323,training
MG_1325,89.95770371,training
MG_319,96.08544472,training
MG_973,77.08388912,training
MG_575,78.1130564,training
MG_1486,54.26077812,training
MG_140,87.44931699,training
MG_961,69.20544877,training
MG_413,85.52931728,training
MG_1272,105.1938305,training
MG_1394,91.17576804,training
MG_780,105.9215723,training
MG_187,102.3396373,training
MG_55,89.38480057,training
MG_1476,83.3460918,training
MG_270,123.0002794,training
MG_1417,54.05890901,training
MG_956,86.64415582,training
MG_392,96.02738022,training
MG_1338,78.37062541,training
MG_58,68.96157784,training
MG_930,118.8454413,training
MG_702,84.07383363,training
MG_374,108.8118944,training
MG_1146,107.3615721,training
MG_799,78.60415703,training
MG_242,91.74867118,training
MG_699,104.6286692,training
MG_937,72.35254507,training
MG_1314,82.4942888,training
MG_846,92.88415488,training
MG_344,94.45611873,training
MG_549,80.13318906,training
MG_1117,83.82609173,training
MG_218,110.1383458,training
MG_219,80.89576959,training
MG_1304,92.01396147,training
MG_747,92.10609048,training
MG_1454,65.84932024,training
MG_753,95.00544489,training
MG_601,71.7889472,training
MG_876,101.9112503,training
MG_69,100.1615731,training
MG_493,66.30996533,training
MG_327,89.27770381,training
MG_85,132.2828586,training
MG_908,94.81963846,training
MG_142,97.33963808,training
MG_890,72.95641595,training
MG_709,112.5796358,training
MG_583,75.29887023,training
MG_1205,107.609314,training
MG_437,91.21189707,training
MG_949,85.65318823,training
MG_524,99.75512159,training
MG_723,98.30738067,training
MG_833,96.68544463,training
MG_520,96.31136662,training
MG_315,103.6660887,training
MG_285,76.69835087,training
MG_288,106.2364109,training
MG_394,89.04157482,training
MG_73,78.87125377,training
MG_1290,91.691897,training
MG_1414,105.0235079,training
MG_596,98.49963791,training
MG_126,106.4170561,training
MG_832,82.87125316,training
MG_384,92.94092907,training
MG_611,114.9641516,training
MG_923,88.93576838,training
MG_311,76.76544763,training
MG_116,97.49318645,training
MG_1235,97.55254128,training
MG_1407,84.90480125,training
MG_1181,63.54222381,training
MG_1011,108.1951203,training
MG_1077,89.18092963,training
MG_1430,86.50222036,training
MG_624,84.38996261,training
MG_1231,96.89834783,training
MG_1441,59.68854113,training
MG_72,87.60415568,training
MG_652,83.85137291,training
MG_367,75.94867356,training
MG_106,98.62867015,training
MG_172,84.70867224,training
MG_589,81.89576944,training
MG_371,94.50996109,training
MG_1211,51.08851717,training
MG_1066,108.0778756,training
MG_1172,71.79080356,training
MG_1483,81.80095904,training
MG_1144,100.533186,training
MG_605,100.3318957,training
MG_736,92.80573735,training
MG_1306,116.4893126,training
MG_1092,94.80028363,training
MG_1426,69.37964229,training
MG_860,90.39125203,training
MG_590,101.70996,training
MG_267,92.17318724,training
MG_893,98.42737986,training
MG_1173,65.98867506,training
MG_313,98.52028307,training
MG_569,113.0596357,training
MG_1239,112.5486681,training
MG_1474,73.25060945,training
MG_980,66.63383625,training
MG_998,92.64673557,training
MG_81,71.83383547,training
MG_146,108.3215719,training
MG_794,89.32802638,training
MG_1202,83.83125302,training
MG_1282,59.15049668,training
MG_507,67.76673931,training
MG_801,98.08846554,training
MG_389,87.46480086,training
MG_1258,111.7035069,training
MG_912,77.38480238,training
MG_411,77.89060875,training
MG_1097,110.9847973,training
MG_847,71.95770642,training
MG_748,91.53705831,training
MG_690,107.2067334,training
MG_1094,100.0815732,training
MG_1324,86.16931718,training
MG_1489,89.41910206,training
MG_715,81.68415656,training
MG_345,71.91899675,training
MG_946,93.10867098,training
MG_71,100.177057,training
MG_100,81.29289855,validation
MG_101,90.3835101,validation
MG_103,92.91512262,validation
MG_1041,135.6609226,validation
MG_1051,78.85189893,validation
MG_1073,106.7964109,validation
MG_1076,121.0183442,validation
MG_1085,83.76415626,validation
MG_1102,99.8535783,validation
MG_1112,78.79963297,validation
MG_1119,96.08931569,validation
MG_1120,122.9409246,validation
MG_1123,79.66093107,validation
MG_1125,96.13060601,validation
MG_1128,86.08673655,validation
MG_1138,90.70867134,validation
MG_1148,83.37705954,validation
MG_1149,87.10092995,validation
MG_1155,103.7125404,validation
MG_1157,63.28451551,validation
MG_1158,82.68235175,validation
MG_1160,82.22863999,validation
MG_1169,93.65447735,validation
MG_1176,73.48028683,validation
MG_1191,77.05447985,validation
MG_1201,86.7177042,validation
MG_1218,103.3873791,validation
MG_1222,117.6067318,validation
MG_1237,114.6828613,validation
MG_1251,77.04931856,validation
MG_1269,108.5645132,validation
MG_1285,82.12286618,validation
MG_1311,85.36637366,validation
MG_1333,80.96028571,validation
MG_1335,61.72973665,validation
MG_1336,78.6312538,validation
MG_1396,83.08286604,validation
MG_1402,64.04543712,validation
MG_1403,51.43461051,validation
MG_1418,67.11770715,validation
MG_1429,102.6931857,validation
MG_1442,104.0209274,validation
MG_1446,76.46070209,validation
MG_1457,65.71263582,validation
MG_1479,80.79125348,validation
MG_1485,78.13835065,validation
MG_1495,74.72157697,validation
MG_1502,92.26480014,validation
MG_1509,66.65448141,validation
MG_167,93.41217376,validation
MG_180,92.74480007,validation
MG_183,84.6544787,validation
MG_200,97.15254134,validation
MG_210,65.36157838,validation
MG_222,98.91871336,validation
MG_223,109.0493137,validation
MG_234,81.84673719,validation
MG_245,103.9086694,validation
MG_252,100.7422182,validation
MG_260,97.73060577,validation
MG_261,77.64802814,validation
MG_266,85.08028509,validation
MG_271,98.83627063,validation
MG_272,51.77553995,validation
MG_284,80.59772959,validation
MG_297,91.93576793,validation
MG_302,91.28931641,validation
MG_329,104.8067337,validation
MG_341,88.32415557,validation
MG_365,81.78222107,validation
MG_377,91.71125183,validation
MG_382,87.67383309,validation
MG_409,89.99383275,validation
MG_412,105.7822175,validation
MG_425,93.80286442,validation
MG_427,86.308672,validation
MG_445,95.43899321,validation
MG_446,97.22738004,validation
MG_463,93.42609029,validation
MG_472,100.533186,validation
MG_474,97.52415419,validation
MG_484,85.78480111,validation
MG_487,94.83512233,validation
MG_488,98.95383139,validation
MG_489,91.35125189,validation
MG_495,74.78867373,validation
MG_500,110.9228618,validation
MG_501,98.18737989,validation
MG_505,97.61447675,validation
MG_519,78.88673763,validation
MG_526,81.38351145,validation
MG_53,115.6725386,validation
MG_537,108.306088,validation
MG_545,95.46092869,validation
MG_567,95.6170577,validation
MG_588,80.54795848,validation
MG_600,103.9241532,validation
MG_606,91.44415511,validation
MG_61,82.15383392,validation
MG_65,120.9202797,validation
MG_653,71.09835171,validation
MG_662,79.64931817,validation
MG_665,92.82996134,validation
MG_67,76.07899612,validation
MG_672,87.45447828,validation
MG_676,90.76286488,validation
MG_70,91.66350991,validation
MG_713,66.00673957,validation
MG_719,89.97318758,validation
MG_728,75.82093164,validation
MG_740,65.19899776,validation
MG_744,79.8415762,validation
MG_756,117.6029137,validation
MG_773,96.08931569,validation
MG_789,95.77085653,validation
MG_790,105.1628627,validation
MG_808,101.7409277,validation
MG_818,84.30093037,validation
MG_822,99.98737962,validation
MG_840,104.8893144,validation
MG_841,77.29447981,validation
MG_844,78.41447964,validation
MG_845,81.69964044,validation
MG_865,80.44544708,validation
MG_867,101.3034458,validation
MG_868,111.4441521,validation
MG_869,81.44467273,validation
MG_875,85.24728972,validation
MG_885,70.26480345,validation
MG_886,103.1860888,validation
MG_889,69.51311125,validation
MG_907,106.6131851,validation
MG_913,90.05060692,validation
MG_943,86.04028495,validation
MG_945,67.5989974,validation
MG_953,85.55993711,validation
MG_966,59.91383406,validation
MG_977,103.83125,validation
MG_986,97.01834781,validation
MG_995,88.99770386,validation
